{
    "build": {
      "core": "stm32",
      "cpu": "cortex-m4",
      "extra_flags": "-DSTM32F4xx -DSTM32F411xE",
      "f_cpu": "100000000L",
      "framework_extra_flags": {
        "arduino": "-DCUSTOM_PERIPHERAL_PINS"
      },
      "mcu": "stm32f411ceu6",
      "product_line": "STM32F411xE",
      "variant": "STM32F4xx/F411C(C-E)(U-Y)",
      "zephyr": {
        "variant": "blackpill_f411ce"
      }
    },
    "debug": {
      "default_tools": [
        "stlink"
      ],
      "jlink_device": "STM32F411CE",
      "openocd_target": "stm32f4x",
      "svd_path": "STM32F411xx.svd"
    },
    "frameworks": [
      "arduino",
      "cmsis",
      "stm32cube",
      "libopencm3",
      "zephyr",
      "mbed"
    ],
    "name": "WeAct Studio BlackPill V2.0 (STM32F411CE)",
    "upload": {
      "maximum_ram_size": 131072,
      "maximum_size": 524288,
      "protocol": "stlink",
      "protocols": [
        "jlink",
        "cmsis-dap",
        "stlink",
        "blackmagic",
        "serial",
        "dfu"
      ]
    },
    "url": "https://github.com/WeActTC/MiniSTM32F4x1",
    "vendor": "WeAct Studio"
  }
