{
    "BLACKPILL_F411CE": {
        "inherits": [
            "MCU_STM32F411xE"
        ],
        "config": {
            "hse_value": {
                "help": "Explicit HSE value (25MHz)",
                "value": "25000000",
                "macro_name": "HSE_VALUE"
            },
            "clock_source_usb": {
                "help": "Use clock source 48MHz for USB",
                "value": "0",
                "macro_name": "CLOCK_SOURCE_USB"
            }            
        },
        "overrides": {
            "clock_source": "USE_PLL_HSE_XTAL | USE_PLL_HSI",
            "lse_available": 1,
            "default-adc-vref": "3.3f"
        },
        "device_has_add": [
            "USBDEVICE"
        ],
        "detect_code": [
            "1234"
        ],
        "device_name": "STM32F411CEUx"
    }
}
